X_mm,Y_mm,Z_mm,PowerDensity_W_per_mm3
0.5,0.5,0.075,4.761904761904762
0.5,1.0,0.075,4.761904761904762
0.5,1.5,0.075,4.761904761904762
0.5,2.0,0.075,4.761904761904762
0.5,2.5,0.075,4.761904761904762
0.5,3.0,0.075,4.761904761904762
0.5,3.5,0.075,4.761904761904762
1.0,0.5,0.075,4.761904761904762
1.0,1.0,0.075,4.761904761904762
1.0,1.5,0.075,4.761904761904762
1.0,2.0,0.075,4.761904761904762
1.0,2.5,0.075,4.761904761904762
1.0,3.0,0.075,4.761904761904762
1.0,3.5,0.075,4.761904761904762
1.5,0.5,0.075,4.761904761904762
1.5,1.0,0.075,4.761904761904762
1.5,1.5,0.075,4.761904761904762
1.5,2.0,0.075,4.761904761904762
1.5,2.5,0.075,4.761904761904762
1.5,3.0,0.075,4.761904761904762
1.5,3.5,0.075,4.761904761904762
2.0,0.5,0.075,4.761904761904762
2.0,1.0,0.075,4.761904761904762
2.0,1.5,0.075,4.761904761904762
2.0,2.0,0.075,4.761904761904762
2.0,2.5,0.075,4.761904761904762
2.0,3.0,0.075,4.761904761904762
2.0,3.5,0.075,4.761904761904762
2.5,0.5,0.075,4.761904761904762
2.5,1.0,0.075,4.761904761904762
2.5,1.5,0.075,4.761904761904762
2.5,2.0,0.075,4.761904761904762
2.5,2.5,0.075,4.761904761904762
2.5,3.0,0.075,4.761904761904762
2.5,3.5,0.075,4.761904761904762
3.0,0.5,0.075,4.761904761904762
3.0,1.0,0.075,4.761904761904762
3.0,1.5,0.075,4.761904761904762
3.0,2.0,0.075,4.761904761904762
3.0,2.5,0.075,4.761904761904762
3.0,3.0,0.075,4.761904761904762
3.0,3.5,0.075,4.761904761904762
3.5,0.5,0.075,4.761904761904762
3.5,1.0,0.075,4.761904761904762
3.5,1.5,0.075,4.761904761904762
3.5,2.0,0.075,4.761904761904762
3.5,2.5,0.075,4.761904761904762
3.5,3.0,0.075,4.761904761904762
3.5,3.5,0.075,4.761904761904762
4.0,0.5,0.075,4.761904761904762
4.0,1.0,0.075,4.761904761904762
4.0,1.5,0.075,4.761904761904762
4.0,2.0,0.075,4.761904761904762
4.0,2.5,0.075,4.761904761904762
4.0,3.0,0.075,4.761904761904762
4.0,3.5,0.075,4.761904761904762
10.5,0.5,0.075,4.761904761904762
10.5,1.0,0.075,4.761904761904762
10.5,1.5,0.075,4.761904761904762
10.5,2.0,0.075,4.761904761904762
10.5,2.5,0.075,4.761904761904762
10.5,3.0,0.075,4.761904761904762
10.5,3.5,0.075,4.761904761904762
11.0,0.5,0.075,4.761904761904762
11.0,1.0,0.075,4.761904761904762
11.0,1.5,0.075,4.761904761904762
11.0,2.0,0.075,4.761904761904762
11.0,2.5,0.075,4.761904761904762
11.0,3.0,0.075,4.761904761904762
11.0,3.5,0.075,4.761904761904762
11.5,0.5,0.075,4.761904761904762
11.5,1.0,0.075,4.761904761904762
11.5,1.5,0.075,4.761904761904762
11.5,2.0,0.075,4.761904761904762
11.5,2.5,0.075,4.761904761904762
11.5,3.0,0.075,4.761904761904762
11.5,3.5,0.075,4.761904761904762
12.0,0.5,0.075,4.761904761904762
12.0,1.0,0.075,4.761904761904762
12.0,1.5,0.075,4.761904761904762
12.0,2.0,0.075,4.761904761904762
12.0,2.5,0.075,4.761904761904762
12.0,3.0,0.075,4.761904761904762
12.0,3.5,0.075,4.761904761904762
12.5,0.5,0.075,4.761904761904762
12.5,1.0,0.075,4.761904761904762
12.5,1.5,0.075,4.761904761904762
12.5,2.0,0.075,4.761904761904762
12.5,2.5,0.075,4.761904761904762
12.5,3.0,0.075,4.761904761904762
12.5,3.5,0.075,4.761904761904762
13.0,0.5,0.075,4.761904761904762
13.0,1.0,0.075,4.761904761904762
13.0,1.5,0.075,4.761904761904762
13.0,2.0,0.075,4.761904761904762
13.0,2.5,0.075,4.761904761904762
13.0,3.0,0.075,4.761904761904762
13.0,3.5,0.075,4.761904761904762
13.5,0.5,0.075,4.761904761904762
13.5,1.0,0.075,4.761904761904762
13.5,1.5,0.075,4.761904761904762
13.5,2.0,0.075,4.761904761904762
13.5,2.5,0.075,4.761904761904762
13.5,3.0,0.075,4.761904761904762
13.5,3.5,0.075,4.761904761904762
14.0,0.5,0.075,4.761904761904762
14.0,1.0,0.075,4.761904761904762
14.0,1.5,0.075,4.761904761904762
14.0,2.0,0.075,4.761904761904762
14.0,2.5,0.075,4.761904761904762
14.0,3.0,0.075,4.761904761904762
14.0,3.5,0.075,4.761904761904762
0.5,28.75,0.075,4.761904761904762
0.5,29.25,0.075,4.761904761904762
0.5,29.75,0.075,4.761904761904762
0.5,30.25,0.075,4.761904761904762
0.5,30.75,0.075,4.761904761904762
0.5,31.25,0.075,4.761904761904762
0.5,31.75,0.075,4.761904761904762
1.0,28.75,0.075,4.761904761904762
1.0,29.25,0.075,4.761904761904762
1.0,29.75,0.075,4.761904761904762
1.0,30.25,0.075,4.761904761904762
1.0,30.75,0.075,4.761904761904762
1.0,31.25,0.075,4.761904761904762
1.0,31.75,0.075,4.761904761904762
1.5,28.75,0.075,4.761904761904762
1.5,29.25,0.075,4.761904761904762
1.5,29.75,0.075,4.761904761904762
1.5,30.25,0.075,4.761904761904762
1.5,30.75,0.075,4.761904761904762
1.5,31.25,0.075,4.761904761904762
1.5,31.75,0.075,4.761904761904762
2.0,28.75,0.075,4.761904761904762
2.0,29.25,0.075,4.761904761904762
2.0,29.75,0.075,4.761904761904762
2.0,30.25,0.075,4.761904761904762
2.0,30.75,0.075,4.761904761904762
2.0,31.25,0.075,4.761904761904762
2.0,31.75,0.075,4.761904761904762
2.5,28.75,0.075,4.761904761904762
2.5,29.25,0.075,4.761904761904762
2.5,29.75,0.075,4.761904761904762
2.5,30.25,0.075,4.761904761904762
2.5,30.75,0.075,4.761904761904762
2.5,31.25,0.075,4.761904761904762
2.5,31.75,0.075,4.761904761904762
3.0,28.75,0.075,4.761904761904762
3.0,29.25,0.075,4.761904761904762
3.0,29.75,0.075,4.761904761904762
3.0,30.25,0.075,4.761904761904762
3.0,30.75,0.075,4.761904761904762
3.0,31.25,0.075,4.761904761904762
3.0,31.75,0.075,4.761904761904762
3.5,28.75,0.075,4.761904761904762
3.5,29.25,0.075,4.761904761904762
3.5,29.75,0.075,4.761904761904762
3.5,30.25,0.075,4.761904761904762
3.5,30.75,0.075,4.761904761904762
3.5,31.25,0.075,4.761904761904762
3.5,31.75,0.075,4.761904761904762
4.0,28.75,0.075,4.761904761904762
4.0,29.25,0.075,4.761904761904762
4.0,29.75,0.075,4.761904761904762
4.0,30.25,0.075,4.761904761904762
4.0,30.75,0.075,4.761904761904762
4.0,31.25,0.075,4.761904761904762
4.0,31.75,0.075,4.761904761904762
10.5,28.75,0.075,4.761904761904762
10.5,29.25,0.075,4.761904761904762
10.5,29.75,0.075,4.761904761904762
10.5,30.25,0.075,4.761904761904762
10.5,30.75,0.075,4.761904761904762
10.5,31.25,0.075,4.761904761904762
10.5,31.75,0.075,4.761904761904762
11.0,28.75,0.075,4.761904761904762
11.0,29.25,0.075,4.761904761904762
11.0,29.75,0.075,4.761904761904762
11.0,30.25,0.075,4.761904761904762
11.0,30.75,0.075,4.761904761904762
11.0,31.25,0.075,4.761904761904762
11.0,31.75,0.075,4.761904761904762
11.5,28.75,0.075,4.761904761904762
11.5,29.25,0.075,4.761904761904762
11.5,29.75,0.075,4.761904761904762
11.5,30.25,0.075,4.761904761904762
11.5,30.75,0.075,4.761904761904762
11.5,31.25,0.075,4.761904761904762
11.5,31.75,0.075,4.761904761904762
12.0,28.75,0.075,4.761904761904762
12.0,29.25,0.075,4.761904761904762
12.0,29.75,0.075,4.761904761904762
12.0,30.25,0.075,4.761904761904762
12.0,30.75,0.075,4.761904761904762
12.0,31.25,0.075,4.761904761904762
12.0,31.75,0.075,4.761904761904762
12.5,28.75,0.075,4.761904761904762
12.5,29.25,0.075,4.761904761904762
12.5,29.75,0.075,4.761904761904762
12.5,30.25,0.075,4.761904761904762
12.5,30.75,0.075,4.761904761904762
12.5,31.25,0.075,4.761904761904762
12.5,31.75,0.075,4.761904761904762
13.0,28.75,0.075,4.761904761904762
13.0,29.25,0.075,4.761904761904762
13.0,29.75,0.075,4.761904761904762
13.0,30.25,0.075,4.761904761904762
13.0,30.75,0.075,4.761904761904762
13.0,31.25,0.075,4.761904761904762
13.0,31.75,0.075,4.761904761904762
13.5,28.75,0.075,4.761904761904762
13.5,29.25,0.075,4.761904761904762
13.5,29.75,0.075,4.761904761904762
13.5,30.25,0.075,4.761904761904762
13.5,30.75,0.075,4.761904761904762
13.5,31.25,0.075,4.761904761904762
13.5,31.75,0.075,4.761904761904762
14.0,28.75,0.075,4.761904761904762
14.0,29.25,0.075,4.761904761904762
14.0,29.75,0.075,4.761904761904762
14.0,30.25,0.075,4.761904761904762
14.0,30.75,0.075,4.761904761904762
14.0,31.25,0.075,4.761904761904762
14.0,31.75,0.075,4.761904761904762
4.85,9.9,0.075,1.316872427983539
4.85,10.4,0.075,1.316872427983539
4.85,10.9,0.075,1.316872427983539
4.85,11.4,0.075,1.316872427983539
4.85,11.9,0.075,1.316872427983539
4.85,12.4,0.075,1.316872427983539
4.85,12.9,0.075,1.316872427983539
4.85,13.4,0.075,1.316872427983539
4.85,13.9,0.075,1.316872427983539
5.35,9.9,0.075,1.316872427983539
5.35,10.4,0.075,1.316872427983539
5.35,10.9,0.075,1.316872427983539
5.35,11.4,0.075,1.316872427983539
5.35,11.9,0.075,1.316872427983539
5.35,12.4,0.075,1.316872427983539
5.35,12.9,0.075,1.316872427983539
5.35,13.4,0.075,1.316872427983539
5.35,13.9,0.075,1.316872427983539
5.85,9.9,0.075,1.316872427983539
5.85,10.4,0.075,1.316872427983539
5.85,10.9,0.075,1.316872427983539
5.85,11.4,0.075,1.316872427983539
5.85,11.9,0.075,1.316872427983539
5.85,12.4,0.075,1.316872427983539
5.85,12.9,0.075,1.316872427983539
5.85,13.4,0.075,1.316872427983539
5.85,13.9,0.075,1.316872427983539
6.35,9.9,0.075,1.316872427983539
6.35,10.4,0.075,1.316872427983539
6.35,10.9,0.075,1.316872427983539
6.35,11.4,0.075,1.316872427983539
6.35,11.9,0.075,1.316872427983539
6.35,12.4,0.075,1.316872427983539
6.35,12.9,0.075,1.316872427983539
6.35,13.4,0.075,1.316872427983539
6.35,13.9,0.075,1.316872427983539
6.85,9.9,0.075,1.316872427983539
6.85,10.4,0.075,1.316872427983539
6.85,10.9,0.075,1.316872427983539
6.85,11.4,0.075,1.316872427983539
6.85,11.9,0.075,1.316872427983539
6.85,12.4,0.075,1.316872427983539
6.85,12.9,0.075,1.316872427983539
6.85,13.4,0.075,1.316872427983539
6.85,13.9,0.075,1.316872427983539
7.35,9.9,0.075,1.316872427983539
7.35,10.4,0.075,1.316872427983539
7.35,10.9,0.075,1.316872427983539
7.35,11.4,0.075,1.316872427983539
7.35,11.9,0.075,1.316872427983539
7.35,12.4,0.075,1.316872427983539
7.35,12.9,0.075,1.316872427983539
7.35,13.4,0.075,1.316872427983539
7.35,13.9,0.075,1.316872427983539
7.85,9.9,0.075,1.316872427983539
7.85,10.4,0.075,1.316872427983539
7.85,10.9,0.075,1.316872427983539
7.85,11.4,0.075,1.316872427983539
7.85,11.9,0.075,1.316872427983539
7.85,12.4,0.075,1.316872427983539
7.85,12.9,0.075,1.316872427983539
7.85,13.4,0.075,1.316872427983539
7.85,13.9,0.075,1.316872427983539
8.35,9.9,0.075,1.316872427983539
8.35,10.4,0.075,1.316872427983539
8.35,10.9,0.075,1.316872427983539
8.35,11.4,0.075,1.316872427983539
8.35,11.9,0.075,1.316872427983539
8.35,12.4,0.075,1.316872427983539
8.35,12.9,0.075,1.316872427983539
8.35,13.4,0.075,1.316872427983539
8.35,13.9,0.075,1.316872427983539
8.85,9.9,0.075,1.316872427983539
8.85,10.4,0.075,1.316872427983539
8.85,10.9,0.075,1.316872427983539
8.85,11.4,0.075,1.316872427983539
8.85,11.9,0.075,1.316872427983539
8.85,12.4,0.075,1.316872427983539
8.85,12.9,0.075,1.316872427983539
8.85,13.4,0.075,1.316872427983539
8.85,13.9,0.075,1.316872427983539
4.85,14.75,0.075,4.279835390946502
4.85,15.25,0.075,4.279835390946502
4.85,15.75,0.075,4.279835390946502
4.85,16.25,0.075,4.279835390946502
4.85,16.75,0.075,4.279835390946502
4.85,17.25,0.075,4.279835390946502
4.85,17.75,0.075,4.279835390946502
4.85,18.25,0.075,4.279835390946502
4.85,18.75,0.075,4.279835390946502
5.35,14.75,0.075,4.279835390946502
5.35,15.25,0.075,4.279835390946502
5.35,15.75,0.075,4.279835390946502
5.35,16.25,0.075,4.279835390946502
5.35,16.75,0.075,4.279835390946502
5.35,17.25,0.075,4.279835390946502
5.35,17.75,0.075,4.279835390946502
5.35,18.25,0.075,4.279835390946502
5.35,18.75,0.075,4.279835390946502
5.85,14.75,0.075,4.279835390946502
5.85,15.25,0.075,4.279835390946502
5.85,15.75,0.075,4.279835390946502
5.85,16.25,0.075,4.279835390946502
5.85,16.75,0.075,4.279835390946502
5.85,17.25,0.075,4.279835390946502
5.85,17.75,0.075,4.279835390946502
5.85,18.25,0.075,4.279835390946502
5.85,18.75,0.075,4.279835390946502
6.35,14.75,0.075,4.279835390946502
6.35,15.25,0.075,4.279835390946502
6.35,15.75,0.075,4.279835390946502
6.35,16.25,0.075,4.279835390946502
6.35,16.75,0.075,4.279835390946502
6.35,17.25,0.075,4.279835390946502
6.35,17.75,0.075,4.279835390946502
6.35,18.25,0.075,4.279835390946502
6.35,18.75,0.075,4.279835390946502
6.85,14.75,0.075,4.279835390946502
6.85,15.25,0.075,4.279835390946502
6.85,15.75,0.075,4.279835390946502
6.85,16.25,0.075,4.279835390946502
6.85,16.75,0.075,4.279835390946502
6.85,17.25,0.075,4.279835390946502
6.85,17.75,0.075,4.279835390946502
6.85,18.25,0.075,4.279835390946502
6.85,18.75,0.075,4.279835390946502
7.35,14.75,0.075,4.279835390946502
7.35,15.25,0.075,4.279835390946502
7.35,15.75,0.075,4.279835390946502
7.35,16.25,0.075,4.279835390946502
7.35,16.75,0.075,4.279835390946502
7.35,17.25,0.075,4.279835390946502
7.35,17.75,0.075,4.279835390946502
7.35,18.25,0.075,4.279835390946502
7.35,18.75,0.075,4.279835390946502
7.85,14.75,0.075,4.279835390946502
7.85,15.25,0.075,4.279835390946502
7.85,15.75,0.075,4.279835390946502
7.85,16.25,0.075,4.279835390946502
7.85,16.75,0.075,4.279835390946502
7.85,17.25,0.075,4.279835390946502
7.85,17.75,0.075,4.279835390946502
7.85,18.25,0.075,4.279835390946502
7.85,18.75,0.075,4.279835390946502
8.35,14.75,0.075,4.279835390946502
8.35,15.25,0.075,4.279835390946502
8.35,15.75,0.075,4.279835390946502
8.35,16.25,0.075,4.279835390946502
8.35,16.75,0.075,4.279835390946502
8.35,17.25,0.075,4.279835390946502
8.35,17.75,0.075,4.279835390946502
8.35,18.25,0.075,4.279835390946502
8.35,18.75,0.075,4.279835390946502
8.85,14.75,0.075,4.279835390946502
8.85,15.25,0.075,4.279835390946502
8.85,15.75,0.075,4.279835390946502
8.85,16.25,0.075,4.279835390946502
8.85,16.75,0.075,4.279835390946502
8.85,17.25,0.075,4.279835390946502
8.85,17.75,0.075,4.279835390946502
8.85,18.25,0.075,4.279835390946502
8.85,18.75,0.075,4.279835390946502
0.5,4.3,0.075,6.652046783625732
0.5,4.8,0.075,6.652046783625732
0.5,5.3,0.075,6.652046783625732
0.5,5.8,0.075,6.652046783625732
0.5,6.3,0.075,6.652046783625732
0.5,6.8,0.075,6.652046783625732
0.5,7.3,0.075,6.652046783625732
0.5,7.8,0.075,6.652046783625732
0.5,8.3,0.075,6.652046783625732
0.5,8.8,0.075,6.652046783625732
0.5,9.3,0.075,6.652046783625732
0.5,9.8,0.075,6.652046783625732
0.5,10.3,0.075,6.652046783625732
0.5,10.8,0.075,6.652046783625732
0.5,11.3,0.075,6.652046783625732
0.5,11.8,0.075,6.652046783625732
0.5,12.3,0.075,6.652046783625732
0.5,12.8,0.075,6.652046783625732
0.5,13.3,0.075,6.652046783625732
0.5,13.8,0.075,6.652046783625732
0.5,14.3,0.075,6.652046783625732
0.5,14.8,0.075,6.652046783625732
0.5,15.3,0.075,6.652046783625732
0.5,15.8,0.075,6.652046783625732
1.0,4.3,0.075,6.652046783625732
1.0,4.8,0.075,6.652046783625732
1.0,5.3,0.075,6.652046783625732
1.0,5.8,0.075,6.652046783625732
1.0,6.3,0.075,6.652046783625732
1.0,6.8,0.075,6.652046783625732
1.0,7.3,0.075,6.652046783625732
1.0,7.8,0.075,6.652046783625732
1.0,8.3,0.075,6.652046783625732
1.0,8.8,0.075,6.652046783625732
1.0,9.3,0.075,6.652046783625732
1.0,9.8,0.075,6.652046783625732
1.0,10.3,0.075,6.652046783625732
1.0,10.8,0.075,6.652046783625732
1.0,11.3,0.075,6.652046783625732
1.0,11.8,0.075,6.652046783625732
1.0,12.3,0.075,6.652046783625732
1.0,12.8,0.075,6.652046783625732
1.0,13.3,0.075,6.652046783625732
1.0,13.8,0.075,6.652046783625732
1.0,14.3,0.075,6.652046783625732
1.0,14.8,0.075,6.652046783625732
1.0,15.3,0.075,6.652046783625732
1.0,15.8,0.075,6.652046783625732
1.5,4.3,0.075,6.652046783625732
1.5,4.8,0.075,6.652046783625732
1.5,5.3,0.075,6.652046783625732
1.5,5.8,0.075,6.652046783625732
1.5,6.3,0.075,6.652046783625732
1.5,6.8,0.075,6.652046783625732
1.5,7.3,0.075,6.652046783625732
1.5,7.8,0.075,6.652046783625732
1.5,8.3,0.075,6.652046783625732
1.5,8.8,0.075,6.652046783625732
1.5,9.3,0.075,6.652046783625732
1.5,9.8,0.075,6.652046783625732
1.5,10.3,0.075,6.652046783625732
1.5,10.8,0.075,6.652046783625732
1.5,11.3,0.075,6.652046783625732
1.5,11.8,0.075,6.652046783625732
1.5,12.3,0.075,6.652046783625732
1.5,12.8,0.075,6.652046783625732
1.5,13.3,0.075,6.652046783625732
1.5,13.8,0.075,6.652046783625732
1.5,14.3,0.075,6.652046783625732
1.5,14.8,0.075,6.652046783625732
1.5,15.3,0.075,6.652046783625732
1.5,15.8,0.075,6.652046783625732
2.0,4.3,0.075,6.652046783625732
2.0,4.8,0.075,6.652046783625732
2.0,5.3,0.075,6.652046783625732
2.0,5.8,0.075,6.652046783625732
2.0,6.3,0.075,6.652046783625732
2.0,6.8,0.075,6.652046783625732
2.0,7.3,0.075,6.652046783625732
2.0,7.8,0.075,6.652046783625732
2.0,8.3,0.075,6.652046783625732
2.0,8.8,0.075,6.652046783625732
2.0,9.3,0.075,6.652046783625732
2.0,9.8,0.075,6.652046783625732
2.0,10.3,0.075,6.652046783625732
2.0,10.8,0.075,6.652046783625732
2.0,11.3,0.075,6.652046783625732
2.0,11.8,0.075,6.652046783625732
2.0,12.3,0.075,6.652046783625732
2.0,12.8,0.075,6.652046783625732
2.0,13.3,0.075,6.652046783625732
2.0,13.8,0.075,6.652046783625732
2.0,14.3,0.075,6.652046783625732
2.0,14.8,0.075,6.652046783625732
2.0,15.3,0.075,6.652046783625732
2.0,15.8,0.075,6.652046783625732
2.5,4.3,0.075,6.652046783625732
2.5,4.8,0.075,6.652046783625732
2.5,5.3,0.075,6.652046783625732
2.5,5.8,0.075,6.652046783625732
2.5,6.3,0.075,6.652046783625732
2.5,6.8,0.075,6.652046783625732
2.5,7.3,0.075,6.652046783625732
2.5,7.8,0.075,6.652046783625732
2.5,8.3,0.075,6.652046783625732
2.5,8.8,0.075,6.652046783625732
2.5,9.3,0.075,6.652046783625732
2.5,9.8,0.075,6.652046783625732
2.5,10.3,0.075,6.652046783625732
2.5,10.8,0.075,6.652046783625732
2.5,11.3,0.075,6.652046783625732
2.5,11.8,0.075,6.652046783625732
2.5,12.3,0.075,6.652046783625732
2.5,12.8,0.075,6.652046783625732
2.5,13.3,0.075,6.652046783625732
2.5,13.8,0.075,6.652046783625732
2.5,14.3,0.075,6.652046783625732
2.5,14.8,0.075,6.652046783625732
2.5,15.3,0.075,6.652046783625732
2.5,15.8,0.075,6.652046783625732
3.0,4.3,0.075,6.652046783625732
3.0,4.8,0.075,6.652046783625732
3.0,5.3,0.075,6.652046783625732
3.0,5.8,0.075,6.652046783625732
3.0,6.3,0.075,6.652046783625732
3.0,6.8,0.075,6.652046783625732
3.0,7.3,0.075,6.652046783625732
3.0,7.8,0.075,6.652046783625732
3.0,8.3,0.075,6.652046783625732
3.0,8.8,0.075,6.652046783625732
3.0,9.3,0.075,6.652046783625732
3.0,9.8,0.075,6.652046783625732
3.0,10.3,0.075,6.652046783625732
3.0,10.8,0.075,6.652046783625732
3.0,11.3,0.075,6.652046783625732
3.0,11.8,0.075,6.652046783625732
3.0,12.3,0.075,6.652046783625732
3.0,12.8,0.075,6.652046783625732
3.0,13.3,0.075,6.652046783625732
3.0,13.8,0.075,6.652046783625732
3.0,14.3,0.075,6.652046783625732
3.0,14.8,0.075,6.652046783625732
3.0,15.3,0.075,6.652046783625732
3.0,15.8,0.075,6.652046783625732
3.5,4.3,0.075,6.652046783625732
3.5,4.8,0.075,6.652046783625732
3.5,5.3,0.075,6.652046783625732
3.5,5.8,0.075,6.652046783625732
3.5,6.3,0.075,6.652046783625732
3.5,6.8,0.075,6.652046783625732
3.5,7.3,0.075,6.652046783625732
3.5,7.8,0.075,6.652046783625732
3.5,8.3,0.075,6.652046783625732
3.5,8.8,0.075,6.652046783625732
3.5,9.3,0.075,6.652046783625732
3.5,9.8,0.075,6.652046783625732
3.5,10.3,0.075,6.652046783625732
3.5,10.8,0.075,6.652046783625732
3.5,11.3,0.075,6.652046783625732
3.5,11.8,0.075,6.652046783625732
3.5,12.3,0.075,6.652046783625732
3.5,12.8,0.075,6.652046783625732
3.5,13.3,0.075,6.652046783625732
3.5,13.8,0.075,6.652046783625732
3.5,14.3,0.075,6.652046783625732
3.5,14.8,0.075,6.652046783625732
3.5,15.3,0.075,6.652046783625732
3.5,15.8,0.075,6.652046783625732
4.0,4.3,0.075,6.652046783625732
4.0,4.8,0.075,6.652046783625732
4.0,5.3,0.075,6.652046783625732
4.0,5.8,0.075,6.652046783625732
4.0,6.3,0.075,6.652046783625732
4.0,6.8,0.075,6.652046783625732
4.0,7.3,0.075,6.652046783625732
4.0,7.8,0.075,6.652046783625732
4.0,8.3,0.075,6.652046783625732
4.0,8.8,0.075,6.652046783625732
4.0,9.3,0.075,6.652046783625732
4.0,9.8,0.075,6.652046783625732
4.0,10.3,0.075,6.652046783625732
4.0,10.8,0.075,6.652046783625732
4.0,11.3,0.075,6.652046783625732
4.0,11.8,0.075,6.652046783625732
4.0,12.3,0.075,6.652046783625732
4.0,12.8,0.075,6.652046783625732
4.0,13.3,0.075,6.652046783625732
4.0,13.8,0.075,6.652046783625732
4.0,14.3,0.075,6.652046783625732
4.0,14.8,0.075,6.652046783625732
4.0,15.3,0.075,6.652046783625732
4.0,15.8,0.075,6.652046783625732
10.8,4.3,0.075,6.652046783625732
10.8,4.8,0.075,6.652046783625732
10.8,5.3,0.075,6.652046783625732
10.8,5.8,0.075,6.652046783625732
10.8,6.3,0.075,6.652046783625732
10.8,6.8,0.075,6.652046783625732
10.8,7.3,0.075,6.652046783625732
10.8,7.8,0.075,6.652046783625732
10.8,8.3,0.075,6.652046783625732
10.8,8.8,0.075,6.652046783625732
10.8,9.3,0.075,6.652046783625732
10.8,9.8,0.075,6.652046783625732
10.8,10.3,0.075,6.652046783625732
10.8,10.8,0.075,6.652046783625732
10.8,11.3,0.075,6.652046783625732
10.8,11.8,0.075,6.652046783625732
10.8,12.3,0.075,6.652046783625732
10.8,12.8,0.075,6.652046783625732
10.8,13.3,0.075,6.652046783625732
10.8,13.8,0.075,6.652046783625732
10.8,14.3,0.075,6.652046783625732
10.8,14.8,0.075,6.652046783625732
10.8,15.3,0.075,6.652046783625732
10.8,15.8,0.075,6.652046783625732
11.3,4.3,0.075,6.652046783625732
11.3,4.8,0.075,6.652046783625732
11.3,5.3,0.075,6.652046783625732
11.3,5.8,0.075,6.652046783625732
11.3,6.3,0.075,6.652046783625732
11.3,6.8,0.075,6.652046783625732
11.3,7.3,0.075,6.652046783625732
11.3,7.8,0.075,6.652046783625732
11.3,8.3,0.075,6.652046783625732
11.3,8.8,0.075,6.652046783625732
11.3,9.3,0.075,6.652046783625732
11.3,9.8,0.075,6.652046783625732
11.3,10.3,0.075,6.652046783625732
11.3,10.8,0.075,6.652046783625732
11.3,11.3,0.075,6.652046783625732
11.3,11.8,0.075,6.652046783625732
11.3,12.3,0.075,6.652046783625732
11.3,12.8,0.075,6.652046783625732
11.3,13.3,0.075,6.652046783625732
11.3,13.8,0.075,6.652046783625732
11.3,14.3,0.075,6.652046783625732
11.3,14.8,0.075,6.652046783625732
11.3,15.3,0.075,6.652046783625732
11.3,15.8,0.075,6.652046783625732
11.8,4.3,0.075,6.652046783625732
11.8,4.8,0.075,6.652046783625732
11.8,5.3,0.075,6.652046783625732
11.8,5.8,0.075,6.652046783625732
11.8,6.3,0.075,6.652046783625732
11.8,6.8,0.075,6.652046783625732
11.8,7.3,0.075,6.652046783625732
11.8,7.8,0.075,6.652046783625732
11.8,8.3,0.075,6.652046783625732
11.8,8.8,0.075,6.652046783625732
11.8,9.3,0.075,6.652046783625732
11.8,9.8,0.075,6.652046783625732
11.8,10.3,0.075,6.652046783625732
11.8,10.8,0.075,6.652046783625732
11.8,11.3,0.075,6.652046783625732
11.8,11.8,0.075,6.652046783625732
11.8,12.3,0.075,6.652046783625732
11.8,12.8,0.075,6.652046783625732
11.8,13.3,0.075,6.652046783625732
11.8,13.8,0.075,6.652046783625732
11.8,14.3,0.075,6.652046783625732
11.8,14.8,0.075,6.652046783625732
11.8,15.3,0.075,6.652046783625732
11.8,15.8,0.075,6.652046783625732
12.3,4.3,0.075,6.652046783625732
12.3,4.8,0.075,6.652046783625732
12.3,5.3,0.075,6.652046783625732
12.3,5.8,0.075,6.652046783625732
12.3,6.3,0.075,6.652046783625732
12.3,6.8,0.075,6.652046783625732
12.3,7.3,0.075,6.652046783625732
12.3,7.8,0.075,6.652046783625732
12.3,8.3,0.075,6.652046783625732
12.3,8.8,0.075,6.652046783625732
12.3,9.3,0.075,6.652046783625732
12.3,9.8,0.075,6.652046783625732
12.3,10.3,0.075,6.652046783625732
12.3,10.8,0.075,6.652046783625732
12.3,11.3,0.075,6.652046783625732
12.3,11.8,0.075,6.652046783625732
12.3,12.3,0.075,6.652046783625732
12.3,12.8,0.075,6.652046783625732
12.3,13.3,0.075,6.652046783625732
12.3,13.8,0.075,6.652046783625732
12.3,14.3,0.075,6.652046783625732
12.3,14.8,0.075,6.652046783625732
12.3,15.3,0.075,6.652046783625732
12.3,15.8,0.075,6.652046783625732
12.8,4.3,0.075,6.652046783625732
12.8,4.8,0.075,6.652046783625732
12.8,5.3,0.075,6.652046783625732
12.8,5.8,0.075,6.652046783625732
12.8,6.3,0.075,6.652046783625732
12.8,6.8,0.075,6.652046783625732
12.8,7.3,0.075,6.652046783625732
12.8,7.8,0.075,6.652046783625732
12.8,8.3,0.075,6.652046783625732
12.8,8.8,0.075,6.652046783625732
12.8,9.3,0.075,6.652046783625732
12.8,9.8,0.075,6.652046783625732
12.8,10.3,0.075,6.652046783625732
12.8,10.8,0.075,6.652046783625732
12.8,11.3,0.075,6.652046783625732
12.8,11.8,0.075,6.652046783625732
12.8,12.3,0.075,6.652046783625732
12.8,12.8,0.075,6.652046783625732
12.8,13.3,0.075,6.652046783625732
12.8,13.8,0.075,6.652046783625732
12.8,14.3,0.075,6.652046783625732
12.8,14.8,0.075,6.652046783625732
12.8,15.3,0.075,6.652046783625732
12.8,15.8,0.075,6.652046783625732
13.3,4.3,0.075,6.652046783625732
13.3,4.8,0.075,6.652046783625732
13.3,5.3,0.075,6.652046783625732
13.3,5.8,0.075,6.652046783625732
13.3,6.3,0.075,6.652046783625732
13.3,6.8,0.075,6.652046783625732
13.3,7.3,0.075,6.652046783625732
13.3,7.8,0.075,6.652046783625732
13.3,8.3,0.075,6.652046783625732
13.3,8.8,0.075,6.652046783625732
13.3,9.3,0.075,6.652046783625732
13.3,9.8,0.075,6.652046783625732
13.3,10.3,0.075,6.652046783625732
13.3,10.8,0.075,6.652046783625732
13.3,11.3,0.075,6.652046783625732
13.3,11.8,0.075,6.652046783625732
13.3,12.3,0.075,6.652046783625732
13.3,12.8,0.075,6.652046783625732
13.3,13.3,0.075,6.652046783625732
13.3,13.8,0.075,6.652046783625732
13.3,14.3,0.075,6.652046783625732
13.3,14.8,0.075,6.652046783625732
13.3,15.3,0.075,6.652046783625732
13.3,15.8,0.075,6.652046783625732
13.8,4.3,0.075,6.652046783625732
13.8,4.8,0.075,6.652046783625732
13.8,5.3,0.075,6.652046783625732
13.8,5.8,0.075,6.652046783625732
13.8,6.3,0.075,6.652046783625732
13.8,6.8,0.075,6.652046783625732
13.8,7.3,0.075,6.652046783625732
13.8,7.8,0.075,6.652046783625732
13.8,8.3,0.075,6.652046783625732
13.8,8.8,0.075,6.652046783625732
13.8,9.3,0.075,6.652046783625732
13.8,9.8,0.075,6.652046783625732
13.8,10.3,0.075,6.652046783625732
13.8,10.8,0.075,6.652046783625732
13.8,11.3,0.075,6.652046783625732
13.8,11.8,0.075,6.652046783625732
13.8,12.3,0.075,6.652046783625732
13.8,12.8,0.075,6.652046783625732
13.8,13.3,0.075,6.652046783625732
13.8,13.8,0.075,6.652046783625732
13.8,14.3,0.075,6.652046783625732
13.8,14.8,0.075,6.652046783625732
13.8,15.3,0.075,6.652046783625732
13.8,15.8,0.075,6.652046783625732
14.3,4.3,0.075,6.652046783625732
14.3,4.8,0.075,6.652046783625732
14.3,5.3,0.075,6.652046783625732
14.3,5.8,0.075,6.652046783625732
14.3,6.3,0.075,6.652046783625732
14.3,6.8,0.075,6.652046783625732
14.3,7.3,0.075,6.652046783625732
14.3,7.8,0.075,6.652046783625732
14.3,8.3,0.075,6.652046783625732
14.3,8.8,0.075,6.652046783625732
14.3,9.3,0.075,6.652046783625732
14.3,9.8,0.075,6.652046783625732
14.3,10.3,0.075,6.652046783625732
14.3,10.8,0.075,6.652046783625732
14.3,11.3,0.075,6.652046783625732
14.3,11.8,0.075,6.652046783625732
14.3,12.3,0.075,6.652046783625732
14.3,12.8,0.075,6.652046783625732
14.3,13.3,0.075,6.652046783625732
14.3,13.8,0.075,6.652046783625732
14.3,14.3,0.075,6.652046783625732
14.3,14.8,0.075,6.652046783625732
14.3,15.3,0.075,6.652046783625732
14.3,15.8,0.075,6.652046783625732
0.5,16.55,0.075,6.652046783625732
0.5,17.05,0.075,6.652046783625732
0.5,17.55,0.075,6.652046783625732
0.5,18.05,0.075,6.652046783625732
0.5,18.55,0.075,6.652046783625732
0.5,19.05,0.075,6.652046783625732
0.5,19.55,0.075,6.652046783625732
0.5,20.05,0.075,6.652046783625732
0.5,20.55,0.075,6.652046783625732
0.5,21.05,0.075,6.652046783625732
0.5,21.55,0.075,6.652046783625732
0.5,22.05,0.075,6.652046783625732
0.5,22.55,0.075,6.652046783625732
0.5,23.05,0.075,6.652046783625732
0.5,23.55,0.075,6.652046783625732
0.5,24.05,0.075,6.652046783625732
0.5,24.55,0.075,6.652046783625732
0.5,25.05,0.075,6.652046783625732
0.5,25.55,0.075,6.652046783625732
0.5,26.05,0.075,6.652046783625732
0.5,26.55,0.075,6.652046783625732
0.5,27.05,0.075,6.652046783625732
0.5,27.55,0.075,6.652046783625732
0.5,28.05,0.075,6.652046783625732
1.0,16.55,0.075,6.652046783625732
1.0,17.05,0.075,6.652046783625732
1.0,17.55,0.075,6.652046783625732
1.0,18.05,0.075,6.652046783625732
1.0,18.55,0.075,6.652046783625732
1.0,19.05,0.075,6.652046783625732
1.0,19.55,0.075,6.652046783625732
1.0,20.05,0.075,6.652046783625732
1.0,20.55,0.075,6.652046783625732
1.0,21.05,0.075,6.652046783625732
1.0,21.55,0.075,6.652046783625732
1.0,22.05,0.075,6.652046783625732
1.0,22.55,0.075,6.652046783625732
1.0,23.05,0.075,6.652046783625732
1.0,23.55,0.075,6.652046783625732
1.0,24.05,0.075,6.652046783625732
1.0,24.55,0.075,6.652046783625732
1.0,25.05,0.075,6.652046783625732
1.0,25.55,0.075,6.652046783625732
1.0,26.05,0.075,6.652046783625732
1.0,26.55,0.075,6.652046783625732
1.0,27.05,0.075,6.652046783625732
1.0,27.55,0.075,6.652046783625732
1.0,28.05,0.075,6.652046783625732
1.5,16.55,0.075,6.652046783625732
1.5,17.05,0.075,6.652046783625732
1.5,17.55,0.075,6.652046783625732
1.5,18.05,0.075,6.652046783625732
1.5,18.55,0.075,6.652046783625732
1.5,19.05,0.075,6.652046783625732
1.5,19.55,0.075,6.652046783625732
1.5,20.05,0.075,6.652046783625732
1.5,20.55,0.075,6.652046783625732
1.5,21.05,0.075,6.652046783625732
1.5,21.55,0.075,6.652046783625732
1.5,22.05,0.075,6.652046783625732
1.5,22.55,0.075,6.652046783625732
1.5,23.05,0.075,6.652046783625732
1.5,23.55,0.075,6.652046783625732
1.5,24.05,0.075,6.652046783625732
1.5,24.55,0.075,6.652046783625732
1.5,25.05,0.075,6.652046783625732
1.5,25.55,0.075,6.652046783625732
1.5,26.05,0.075,6.652046783625732
1.5,26.55,0.075,6.652046783625732
1.5,27.05,0.075,6.652046783625732
1.5,27.55,0.075,6.652046783625732
1.5,28.05,0.075,6.652046783625732
2.0,16.55,0.075,6.652046783625732
2.0,17.05,0.075,6.652046783625732
2.0,17.55,0.075,6.652046783625732
2.0,18.05,0.075,6.652046783625732
2.0,18.55,0.075,6.652046783625732
2.0,19.05,0.075,6.652046783625732
2.0,19.55,0.075,6.652046783625732
2.0,20.05,0.075,6.652046783625732
2.0,20.55,0.075,6.652046783625732
2.0,21.05,0.075,6.652046783625732
2.0,21.55,0.075,6.652046783625732
2.0,22.05,0.075,6.652046783625732
2.0,22.55,0.075,6.652046783625732
2.0,23.05,0.075,6.652046783625732
2.0,23.55,0.075,6.652046783625732
2.0,24.05,0.075,6.652046783625732
2.0,24.55,0.075,6.652046783625732
2.0,25.05,0.075,6.652046783625732
2.0,25.55,0.075,6.652046783625732
2.0,26.05,0.075,6.652046783625732
2.0,26.55,0.075,6.652046783625732
2.0,27.05,0.075,6.652046783625732
2.0,27.55,0.075,6.652046783625732
2.0,28.05,0.075,6.652046783625732
2.5,16.55,0.075,6.652046783625732
2.5,17.05,0.075,6.652046783625732
2.5,17.55,0.075,6.652046783625732
2.5,18.05,0.075,6.652046783625732
2.5,18.55,0.075,6.652046783625732
2.5,19.05,0.075,6.652046783625732
2.5,19.55,0.075,6.652046783625732
2.5,20.05,0.075,6.652046783625732
2.5,20.55,0.075,6.652046783625732
2.5,21.05,0.075,6.652046783625732
2.5,21.55,0.075,6.652046783625732
2.5,22.05,0.075,6.652046783625732
2.5,22.55,0.075,6.652046783625732
2.5,23.05,0.075,6.652046783625732
2.5,23.55,0.075,6.652046783625732
2.5,24.05,0.075,6.652046783625732
2.5,24.55,0.075,6.652046783625732
2.5,25.05,0.075,6.652046783625732
2.5,25.55,0.075,6.652046783625732
2.5,26.05,0.075,6.652046783625732
2.5,26.55,0.075,6.652046783625732
2.5,27.05,0.075,6.652046783625732
2.5,27.55,0.075,6.652046783625732
2.5,28.05,0.075,6.652046783625732
3.0,16.55,0.075,6.652046783625732
3.0,17.05,0.075,6.652046783625732
3.0,17.55,0.075,6.652046783625732
3.0,18.05,0.075,6.652046783625732
3.0,18.55,0.075,6.652046783625732
3.0,19.05,0.075,6.652046783625732
3.0,19.55,0.075,6.652046783625732
3.0,20.05,0.075,6.652046783625732
3.0,20.55,0.075,6.652046783625732
3.0,21.05,0.075,6.652046783625732
3.0,21.55,0.075,6.652046783625732
3.0,22.05,0.075,6.652046783625732
3.0,22.55,0.075,6.652046783625732
3.0,23.05,0.075,6.652046783625732
3.0,23.55,0.075,6.652046783625732
3.0,24.05,0.075,6.652046783625732
3.0,24.55,0.075,6.652046783625732
3.0,25.05,0.075,6.652046783625732
3.0,25.55,0.075,6.652046783625732
3.0,26.05,0.075,6.652046783625732
3.0,26.55,0.075,6.652046783625732
3.0,27.05,0.075,6.652046783625732
3.0,27.55,0.075,6.652046783625732
3.0,28.05,0.075,6.652046783625732
3.5,16.55,0.075,6.652046783625732
3.5,17.05,0.075,6.652046783625732
3.5,17.55,0.075,6.652046783625732
3.5,18.05,0.075,6.652046783625732
3.5,18.55,0.075,6.652046783625732
3.5,19.05,0.075,6.652046783625732
3.5,19.55,0.075,6.652046783625732
3.5,20.05,0.075,6.652046783625732
3.5,20.55,0.075,6.652046783625732
3.5,21.05,0.075,6.652046783625732
3.5,21.55,0.075,6.652046783625732
3.5,22.05,0.075,6.652046783625732
3.5,22.55,0.075,6.652046783625732
3.5,23.05,0.075,6.652046783625732
3.5,23.55,0.075,6.652046783625732
3.5,24.05,0.075,6.652046783625732
3.5,24.55,0.075,6.652046783625732
3.5,25.05,0.075,6.652046783625732
3.5,25.55,0.075,6.652046783625732
3.5,26.05,0.075,6.652046783625732
3.5,26.55,0.075,6.652046783625732
3.5,27.05,0.075,6.652046783625732
3.5,27.55,0.075,6.652046783625732
3.5,28.05,0.075,6.652046783625732
4.0,16.55,0.075,6.652046783625732
4.0,17.05,0.075,6.652046783625732
4.0,17.55,0.075,6.652046783625732
4.0,18.05,0.075,6.652046783625732
4.0,18.55,0.075,6.652046783625732
4.0,19.05,0.075,6.652046783625732
4.0,19.55,0.075,6.652046783625732
4.0,20.05,0.075,6.652046783625732
4.0,20.55,0.075,6.652046783625732
4.0,21.05,0.075,6.652046783625732
4.0,21.55,0.075,6.652046783625732
4.0,22.05,0.075,6.652046783625732
4.0,22.55,0.075,6.652046783625732
4.0,23.05,0.075,6.652046783625732
4.0,23.55,0.075,6.652046783625732
4.0,24.05,0.075,6.652046783625732
4.0,24.55,0.075,6.652046783625732
4.0,25.05,0.075,6.652046783625732
4.0,25.55,0.075,6.652046783625732
4.0,26.05,0.075,6.652046783625732
4.0,26.55,0.075,6.652046783625732
4.0,27.05,0.075,6.652046783625732
4.0,27.55,0.075,6.652046783625732
4.0,28.05,0.075,6.652046783625732
10.8,16.55,0.075,6.652046783625732
10.8,17.05,0.075,6.652046783625732
10.8,17.55,0.075,6.652046783625732
10.8,18.05,0.075,6.652046783625732
10.8,18.55,0.075,6.652046783625732
10.8,19.05,0.075,6.652046783625732
10.8,19.55,0.075,6.652046783625732
10.8,20.05,0.075,6.652046783625732
10.8,20.55,0.075,6.652046783625732
10.8,21.05,0.075,6.652046783625732
10.8,21.55,0.075,6.652046783625732
10.8,22.05,0.075,6.652046783625732
10.8,22.55,0.075,6.652046783625732
10.8,23.05,0.075,6.652046783625732
10.8,23.55,0.075,6.652046783625732
10.8,24.05,0.075,6.652046783625732
10.8,24.55,0.075,6.652046783625732
10.8,25.05,0.075,6.652046783625732
10.8,25.55,0.075,6.652046783625732
10.8,26.05,0.075,6.652046783625732
10.8,26.55,0.075,6.652046783625732
10.8,27.05,0.075,6.652046783625732
10.8,27.55,0.075,6.652046783625732
10.8,28.05,0.075,6.652046783625732
11.3,16.55,0.075,6.652046783625732
11.3,17.05,0.075,6.652046783625732
11.3,17.55,0.075,6.652046783625732
11.3,18.05,0.075,6.652046783625732
11.3,18.55,0.075,6.652046783625732
11.3,19.05,0.075,6.652046783625732
11.3,19.55,0.075,6.652046783625732
11.3,20.05,0.075,6.652046783625732
11.3,20.55,0.075,6.652046783625732
11.3,21.05,0.075,6.652046783625732
11.3,21.55,0.075,6.652046783625732
11.3,22.05,0.075,6.652046783625732
11.3,22.55,0.075,6.652046783625732
11.3,23.05,0.075,6.652046783625732
11.3,23.55,0.075,6.652046783625732
11.3,24.05,0.075,6.652046783625732
11.3,24.55,0.075,6.652046783625732
11.3,25.05,0.075,6.652046783625732
11.3,25.55,0.075,6.652046783625732
11.3,26.05,0.075,6.652046783625732
11.3,26.55,0.075,6.652046783625732
11.3,27.05,0.075,6.652046783625732
11.3,27.55,0.075,6.652046783625732
11.3,28.05,0.075,6.652046783625732
11.8,16.55,0.075,6.652046783625732
11.8,17.05,0.075,6.652046783625732
11.8,17.55,0.075,6.652046783625732
11.8,18.05,0.075,6.652046783625732
11.8,18.55,0.075,6.652046783625732
11.8,19.05,0.075,6.652046783625732
11.8,19.55,0.075,6.652046783625732
11.8,20.05,0.075,6.652046783625732
11.8,20.55,0.075,6.652046783625732
11.8,21.05,0.075,6.652046783625732
11.8,21.55,0.075,6.652046783625732
11.8,22.05,0.075,6.652046783625732
11.8,22.55,0.075,6.652046783625732
11.8,23.05,0.075,6.652046783625732
11.8,23.55,0.075,6.652046783625732
11.8,24.05,0.075,6.652046783625732
11.8,24.55,0.075,6.652046783625732
11.8,25.05,0.075,6.652046783625732
11.8,25.55,0.075,6.652046783625732
11.8,26.05,0.075,6.652046783625732
11.8,26.55,0.075,6.652046783625732
11.8,27.05,0.075,6.652046783625732
11.8,27.55,0.075,6.652046783625732
11.8,28.05,0.075,6.652046783625732
12.3,16.55,0.075,6.652046783625732
12.3,17.05,0.075,6.652046783625732
12.3,17.55,0.075,6.652046783625732
12.3,18.05,0.075,6.652046783625732
12.3,18.55,0.075,6.652046783625732
12.3,19.05,0.075,6.652046783625732
12.3,19.55,0.075,6.652046783625732
12.3,20.05,0.075,6.652046783625732
12.3,20.55,0.075,6.652046783625732
12.3,21.05,0.075,6.652046783625732
12.3,21.55,0.075,6.652046783625732
12.3,22.05,0.075,6.652046783625732
12.3,22.55,0.075,6.652046783625732
12.3,23.05,0.075,6.652046783625732
12.3,23.55,0.075,6.652046783625732
12.3,24.05,0.075,6.652046783625732
12.3,24.55,0.075,6.652046783625732
12.3,25.05,0.075,6.652046783625732
12.3,25.55,0.075,6.652046783625732
12.3,26.05,0.075,6.652046783625732
12.3,26.55,0.075,6.652046783625732
12.3,27.05,0.075,6.652046783625732
12.3,27.55,0.075,6.652046783625732
12.3,28.05,0.075,6.652046783625732
12.8,16.55,0.075,6.652046783625732
12.8,17.05,0.075,6.652046783625732
12.8,17.55,0.075,6.652046783625732
12.8,18.05,0.075,6.652046783625732
12.8,18.55,0.075,6.652046783625732
12.8,19.05,0.075,6.652046783625732
12.8,19.55,0.075,6.652046783625732
12.8,20.05,0.075,6.652046783625732
12.8,20.55,0.075,6.652046783625732
12.8,21.05,0.075,6.652046783625732
12.8,21.55,0.075,6.652046783625732
12.8,22.05,0.075,6.652046783625732
12.8,22.55,0.075,6.652046783625732
12.8,23.05,0.075,6.652046783625732
12.8,23.55,0.075,6.652046783625732
12.8,24.05,0.075,6.652046783625732
12.8,24.55,0.075,6.652046783625732
12.8,25.05,0.075,6.652046783625732
12.8,25.55,0.075,6.652046783625732
12.8,26.05,0.075,6.652046783625732
12.8,26.55,0.075,6.652046783625732
12.8,27.05,0.075,6.652046783625732
12.8,27.55,0.075,6.652046783625732
12.8,28.05,0.075,6.652046783625732
13.3,16.55,0.075,6.652046783625732
13.3,17.05,0.075,6.652046783625732
13.3,17.55,0.075,6.652046783625732
13.3,18.05,0.075,6.652046783625732
13.3,18.55,0.075,6.652046783625732
13.3,19.05,0.075,6.652046783625732
13.3,19.55,0.075,6.652046783625732
13.3,20.05,0.075,6.652046783625732
13.3,20.55,0.075,6.652046783625732
13.3,21.05,0.075,6.652046783625732
13.3,21.55,0.075,6.652046783625732
13.3,22.05,0.075,6.652046783625732
13.3,22.55,0.075,6.652046783625732
13.3,23.05,0.075,6.652046783625732
13.3,23.55,0.075,6.652046783625732
13.3,24.05,0.075,6.652046783625732
13.3,24.55,0.075,6.652046783625732
13.3,25.05,0.075,6.652046783625732
13.3,25.55,0.075,6.652046783625732
13.3,26.05,0.075,6.652046783625732
13.3,26.55,0.075,6.652046783625732
13.3,27.05,0.075,6.652046783625732
13.3,27.55,0.075,6.652046783625732
13.3,28.05,0.075,6.652046783625732
13.8,16.55,0.075,6.652046783625732
13.8,17.05,0.075,6.652046783625732
13.8,17.55,0.075,6.652046783625732
13.8,18.05,0.075,6.652046783625732
13.8,18.55,0.075,6.652046783625732
13.8,19.05,0.075,6.652046783625732
13.8,19.55,0.075,6.652046783625732
13.8,20.05,0.075,6.652046783625732
13.8,20.55,0.075,6.652046783625732
13.8,21.05,0.075,6.652046783625732
13.8,21.55,0.075,6.652046783625732
13.8,22.05,0.075,6.652046783625732
13.8,22.55,0.075,6.652046783625732
13.8,23.05,0.075,6.652046783625732
13.8,23.55,0.075,6.652046783625732
13.8,24.05,0.075,6.652046783625732
13.8,24.55,0.075,6.652046783625732
13.8,25.05,0.075,6.652046783625732
13.8,25.55,0.075,6.652046783625732
13.8,26.05,0.075,6.652046783625732
13.8,26.55,0.075,6.652046783625732
13.8,27.05,0.075,6.652046783625732
13.8,27.55,0.075,6.652046783625732
13.8,28.05,0.075,6.652046783625732
14.3,16.55,0.075,6.652046783625732
14.3,17.05,0.075,6.652046783625732
14.3,17.55,0.075,6.652046783625732
14.3,18.05,0.075,6.652046783625732
14.3,18.55,0.075,6.652046783625732
14.3,19.05,0.075,6.652046783625732
14.3,19.55,0.075,6.652046783625732
14.3,20.05,0.075,6.652046783625732
14.3,20.55,0.075,6.652046783625732
14.3,21.05,0.075,6.652046783625732
14.3,21.55,0.075,6.652046783625732
14.3,22.05,0.075,6.652046783625732
14.3,22.55,0.075,6.652046783625732
14.3,23.05,0.075,6.652046783625732
14.3,23.55,0.075,6.652046783625732
14.3,24.05,0.075,6.652046783625732
14.3,24.55,0.075,6.652046783625732
14.3,25.05,0.075,6.652046783625732
14.3,25.55,0.075,6.652046783625732
14.3,26.05,0.075,6.652046783625732
14.3,26.55,0.075,6.652046783625732
14.3,27.05,0.075,6.652046783625732
14.3,27.55,0.075,6.652046783625732
14.3,28.05,0.075,6.652046783625732
4.85,4.3,0.075,0.8888888888888888
4.85,4.8,0.075,0.8888888888888888
4.85,5.3,0.075,0.8888888888888888
4.85,5.8,0.075,0.8888888888888888
5.35,4.3,0.075,0.8888888888888888
5.35,4.8,0.075,0.8888888888888888
5.35,5.3,0.075,0.8888888888888888
5.35,5.8,0.075,0.8888888888888888
5.85,4.3,0.075,0.8888888888888888
5.85,4.8,0.075,0.8888888888888888
5.85,5.3,0.075,0.8888888888888888
5.85,5.8,0.075,0.8888888888888888
6.35,4.3,0.075,0.8888888888888888
6.35,4.8,0.075,0.8888888888888888
6.35,5.3,0.075,0.8888888888888888
6.35,5.8,0.075,0.8888888888888888
6.85,4.3,0.075,0.8888888888888888
6.85,4.8,0.075,0.8888888888888888
6.85,5.3,0.075,0.8888888888888888
6.85,5.8,0.075,0.8888888888888888
7.35,4.3,0.075,0.8888888888888888
7.35,4.8,0.075,0.8888888888888888
7.35,5.3,0.075,0.8888888888888888
7.35,5.8,0.075,0.8888888888888888
7.85,4.3,0.075,0.8888888888888888
7.85,4.8,0.075,0.8888888888888888
7.85,5.3,0.075,0.8888888888888888
7.85,5.8,0.075,0.8888888888888888
8.35,4.3,0.075,0.8888888888888888
8.35,4.8,0.075,0.8888888888888888
8.35,5.3,0.075,0.8888888888888888
8.35,5.8,0.075,0.8888888888888888
8.85,4.3,0.075,0.8888888888888888
8.85,4.8,0.075,0.8888888888888888
8.85,5.3,0.075,0.8888888888888888
8.85,5.8,0.075,0.8888888888888888
9.35,4.3,0.075,0.8888888888888888
9.35,4.8,0.075,0.8888888888888888
9.35,5.3,0.075,0.8888888888888888
9.35,5.8,0.075,0.8888888888888888
4.85,7.0,0.075,0.8888888888888888
4.85,7.5,0.075,0.8888888888888888
4.85,8.0,0.075,0.8888888888888888
4.85,8.5,0.075,0.8888888888888888
5.35,7.0,0.075,0.8888888888888888
5.35,7.5,0.075,0.8888888888888888
5.35,8.0,0.075,0.8888888888888888
5.35,8.5,0.075,0.8888888888888888
5.85,7.0,0.075,0.8888888888888888
5.85,7.5,0.075,0.8888888888888888
5.85,8.0,0.075,0.8888888888888888
5.85,8.5,0.075,0.8888888888888888
6.35,7.0,0.075,0.8888888888888888
6.35,7.5,0.075,0.8888888888888888
6.35,8.0,0.075,0.8888888888888888
6.35,8.5,0.075,0.8888888888888888
6.85,7.0,0.075,0.8888888888888888
6.85,7.5,0.075,0.8888888888888888
6.85,8.0,0.075,0.8888888888888888
6.85,8.5,0.075,0.8888888888888888
7.35,7.0,0.075,0.8888888888888888
7.35,7.5,0.075,0.8888888888888888
7.35,8.0,0.075,0.8888888888888888
7.35,8.5,0.075,0.8888888888888888
7.85,7.0,0.075,0.8888888888888888
7.85,7.5,0.075,0.8888888888888888
7.85,8.0,0.075,0.8888888888888888
7.85,8.5,0.075,0.8888888888888888
8.35,7.0,0.075,0.8888888888888888
8.35,7.5,0.075,0.8888888888888888
8.35,8.0,0.075,0.8888888888888888
8.35,8.5,0.075,0.8888888888888888
8.85,7.0,0.075,0.8888888888888888
8.85,7.5,0.075,0.8888888888888888
8.85,8.0,0.075,0.8888888888888888
8.85,8.5,0.075,0.8888888888888888
9.35,7.0,0.075,0.8888888888888888
9.35,7.5,0.075,0.8888888888888888
9.35,8.0,0.075,0.8888888888888888
9.35,8.5,0.075,0.8888888888888888
4.75,0.5,0.075,2.2222222222222223
4.75,1.0,0.075,2.2222222222222223
4.75,1.5,0.075,2.2222222222222223
4.75,2.0,0.075,2.2222222222222223
4.75,2.5,0.075,2.2222222222222223
4.75,3.0,0.075,2.2222222222222223
5.25,0.5,0.075,2.2222222222222223
5.25,1.0,0.075,2.2222222222222223
5.25,1.5,0.075,2.2222222222222223
5.25,2.0,0.075,2.2222222222222223
5.25,2.5,0.075,2.2222222222222223
5.25,3.0,0.075,2.2222222222222223
5.75,0.5,0.075,2.2222222222222223
5.75,1.0,0.075,2.2222222222222223
5.75,1.5,0.075,2.2222222222222223
5.75,2.0,0.075,2.2222222222222223
5.75,2.5,0.075,2.2222222222222223
5.75,3.0,0.075,2.2222222222222223
6.25,0.5,0.075,2.2222222222222223
6.25,1.0,0.075,2.2222222222222223
6.25,1.5,0.075,2.2222222222222223
6.25,2.0,0.075,2.2222222222222223
6.25,2.5,0.075,2.2222222222222223
6.25,3.0,0.075,2.2222222222222223
6.75,0.5,0.075,2.2222222222222223
6.75,1.0,0.075,2.2222222222222223
6.75,1.5,0.075,2.2222222222222223
6.75,2.0,0.075,2.2222222222222223
6.75,2.5,0.075,2.2222222222222223
6.75,3.0,0.075,2.2222222222222223
7.25,0.5,0.075,2.2222222222222223
7.25,1.0,0.075,2.2222222222222223
7.25,1.5,0.075,2.2222222222222223
7.25,2.0,0.075,2.2222222222222223
7.25,2.5,0.075,2.2222222222222223
7.25,3.0,0.075,2.2222222222222223
4.75,19.75,0.075,1.4666666666666666
4.75,20.25,0.075,1.4666666666666666
4.75,20.75,0.075,1.4666666666666666
4.75,21.25,0.075,1.4666666666666666
4.75,21.75,0.075,1.4666666666666666
4.75,22.25,0.075,1.4666666666666666
4.75,22.75,0.075,1.4666666666666666
4.75,23.25,0.075,1.4666666666666666
4.75,23.75,0.075,1.4666666666666666
4.75,24.25,0.075,1.4666666666666666
4.75,24.75,0.075,1.4666666666666666
4.75,25.25,0.075,1.4666666666666666
4.75,25.75,0.075,1.4666666666666666
4.75,26.25,0.075,1.4666666666666666
4.75,26.75,0.075,1.4666666666666666
4.75,27.25,0.075,1.4666666666666666
4.75,27.75,0.075,1.4666666666666666
4.75,28.25,0.075,1.4666666666666666
4.75,28.75,0.075,1.4666666666666666
4.75,29.25,0.075,1.4666666666666666
5.25,19.75,0.075,1.4666666666666666
5.25,20.25,0.075,1.4666666666666666
5.25,20.75,0.075,1.4666666666666666
5.25,21.25,0.075,1.4666666666666666
5.25,21.75,0.075,1.4666666666666666
5.25,22.25,0.075,1.4666666666666666
5.25,22.75,0.075,1.4666666666666666
5.25,23.25,0.075,1.4666666666666666
5.25,23.75,0.075,1.4666666666666666
5.25,24.25,0.075,1.4666666666666666
5.25,24.75,0.075,1.4666666666666666
5.25,25.25,0.075,1.4666666666666666
5.25,25.75,0.075,1.4666666666666666
5.25,26.25,0.075,1.4666666666666666
5.25,26.75,0.075,1.4666666666666666
5.25,27.25,0.075,1.4666666666666666
5.25,27.75,0.075,1.4666666666666666
5.25,28.25,0.075,1.4666666666666666
5.25,28.75,0.075,1.4666666666666666
5.25,29.25,0.075,1.4666666666666666
5.75,19.75,0.075,1.4666666666666666
5.75,20.25,0.075,1.4666666666666666
5.75,20.75,0.075,1.4666666666666666
5.75,21.25,0.075,1.4666666666666666
5.75,21.75,0.075,1.4666666666666666
5.75,22.25,0.075,1.4666666666666666
5.75,22.75,0.075,1.4666666666666666
5.75,23.25,0.075,1.4666666666666666
5.75,23.75,0.075,1.4666666666666666
5.75,24.25,0.075,1.4666666666666666
5.75,24.75,0.075,1.4666666666666666
5.75,25.25,0.075,1.4666666666666666
5.75,25.75,0.075,1.4666666666666666
5.75,26.25,0.075,1.4666666666666666
5.75,26.75,0.075,1.4666666666666666
5.75,27.25,0.075,1.4666666666666666
5.75,27.75,0.075,1.4666666666666666
5.75,28.25,0.075,1.4666666666666666
5.75,28.75,0.075,1.4666666666666666
5.75,29.25,0.075,1.4666666666666666
6.25,19.75,0.075,1.4666666666666666
6.25,20.25,0.075,1.4666666666666666
6.25,20.75,0.075,1.4666666666666666
6.25,21.25,0.075,1.4666666666666666
6.25,21.75,0.075,1.4666666666666666
6.25,22.25,0.075,1.4666666666666666
6.25,22.75,0.075,1.4666666666666666
6.25,23.25,0.075,1.4666666666666666
6.25,23.75,0.075,1.4666666666666666
6.25,24.25,0.075,1.4666666666666666
6.25,24.75,0.075,1.4666666666666666
6.25,25.25,0.075,1.4666666666666666
6.25,25.75,0.075,1.4666666666666666
6.25,26.25,0.075,1.4666666666666666
6.25,26.75,0.075,1.4666666666666666
6.25,27.25,0.075,1.4666666666666666
6.25,27.75,0.075,1.4666666666666666
6.25,28.25,0.075,1.4666666666666666
6.25,28.75,0.075,1.4666666666666666
6.25,29.25,0.075,1.4666666666666666
6.75,19.75,0.075,1.4666666666666666
6.75,20.25,0.075,1.4666666666666666
6.75,20.75,0.075,1.4666666666666666
6.75,21.25,0.075,1.4666666666666666
6.75,21.75,0.075,1.4666666666666666
6.75,22.25,0.075,1.4666666666666666
6.75,22.75,0.075,1.4666666666666666
6.75,23.25,0.075,1.4666666666666666
6.75,23.75,0.075,1.4666666666666666
6.75,24.25,0.075,1.4666666666666666
6.75,24.75,0.075,1.4666666666666666
6.75,25.25,0.075,1.4666666666666666
6.75,25.75,0.075,1.4666666666666666
6.75,26.25,0.075,1.4666666666666666
6.75,26.75,0.075,1.4666666666666666
6.75,27.25,0.075,1.4666666666666666
6.75,27.75,0.075,1.4666666666666666
6.75,28.25,0.075,1.4666666666666666
6.75,28.75,0.075,1.4666666666666666
6.75,29.25,0.075,1.4666666666666666
7.25,19.75,0.075,1.4666666666666666
7.25,20.25,0.075,1.4666666666666666
7.25,20.75,0.075,1.4666666666666666
7.25,21.25,0.075,1.4666666666666666
7.25,21.75,0.075,1.4666666666666666
7.25,22.25,0.075,1.4666666666666666
7.25,22.75,0.075,1.4666666666666666
7.25,23.25,0.075,1.4666666666666666
7.25,23.75,0.075,1.4666666666666666
7.25,24.25,0.075,1.4666666666666666
7.25,24.75,0.075,1.4666666666666666
7.25,25.25,0.075,1.4666666666666666
7.25,25.75,0.075,1.4666666666666666
7.25,26.25,0.075,1.4666666666666666
7.25,26.75,0.075,1.4666666666666666
7.25,27.25,0.075,1.4666666666666666
7.25,27.75,0.075,1.4666666666666666
7.25,28.25,0.075,1.4666666666666666
7.25,28.75,0.075,1.4666666666666666
7.25,29.25,0.075,1.4666666666666666
7.75,19.75,0.075,1.4666666666666666
7.75,20.25,0.075,1.4666666666666666
7.75,20.75,0.075,1.4666666666666666
7.75,21.25,0.075,1.4666666666666666
7.75,21.75,0.075,1.4666666666666666
7.75,22.25,0.075,1.4666666666666666
7.75,22.75,0.075,1.4666666666666666
7.75,23.25,0.075,1.4666666666666666
7.75,23.75,0.075,1.4666666666666666
7.75,24.25,0.075,1.4666666666666666
7.75,24.75,0.075,1.4666666666666666
7.75,25.25,0.075,1.4666666666666666
7.75,25.75,0.075,1.4666666666666666
7.75,26.25,0.075,1.4666666666666666
7.75,26.75,0.075,1.4666666666666666
7.75,27.25,0.075,1.4666666666666666
7.75,27.75,0.075,1.4666666666666666
7.75,28.25,0.075,1.4666666666666666
7.75,28.75,0.075,1.4666666666666666
7.75,29.25,0.075,1.4666666666666666
8.25,19.75,0.075,1.4666666666666666
8.25,20.25,0.075,1.4666666666666666
8.25,20.75,0.075,1.4666666666666666
8.25,21.25,0.075,1.4666666666666666
8.25,21.75,0.075,1.4666666666666666
8.25,22.25,0.075,1.4666666666666666
8.25,22.75,0.075,1.4666666666666666
8.25,23.25,0.075,1.4666666666666666
8.25,23.75,0.075,1.4666666666666666
8.25,24.25,0.075,1.4666666666666666
8.25,24.75,0.075,1.4666666666666666
8.25,25.25,0.075,1.4666666666666666
8.25,25.75,0.075,1.4666666666666666
8.25,26.25,0.075,1.4666666666666666
8.25,26.75,0.075,1.4666666666666666
8.25,27.25,0.075,1.4666666666666666
8.25,27.75,0.075,1.4666666666666666
8.25,28.25,0.075,1.4666666666666666
8.25,28.75,0.075,1.4666666666666666
8.25,29.25,0.075,1.4666666666666666
8.75,19.75,0.075,1.4666666666666666
8.75,20.25,0.075,1.4666666666666666
8.75,20.75,0.075,1.4666666666666666
8.75,21.25,0.075,1.4666666666666666
8.75,21.75,0.075,1.4666666666666666
8.75,22.25,0.075,1.4666666666666666
8.75,22.75,0.075,1.4666666666666666
8.75,23.25,0.075,1.4666666666666666
8.75,23.75,0.075,1.4666666666666666
8.75,24.25,0.075,1.4666666666666666
8.75,24.75,0.075,1.4666666666666666
8.75,25.25,0.075,1.4666666666666666
8.75,25.75,0.075,1.4666666666666666
8.75,26.25,0.075,1.4666666666666666
8.75,26.75,0.075,1.4666666666666666
8.75,27.25,0.075,1.4666666666666666
8.75,27.75,0.075,1.4666666666666666
8.75,28.25,0.075,1.4666666666666666
8.75,28.75,0.075,1.4666666666666666
8.75,29.25,0.075,1.4666666666666666
9.25,19.75,0.075,1.4666666666666666
9.25,20.25,0.075,1.4666666666666666
9.25,20.75,0.075,1.4666666666666666
9.25,21.25,0.075,1.4666666666666666
9.25,21.75,0.075,1.4666666666666666
9.25,22.25,0.075,1.4666666666666666
9.25,22.75,0.075,1.4666666666666666
9.25,23.25,0.075,1.4666666666666666
9.25,23.75,0.075,1.4666666666666666
9.25,24.25,0.075,1.4666666666666666
9.25,24.75,0.075,1.4666666666666666
9.25,25.25,0.075,1.4666666666666666
9.25,25.75,0.075,1.4666666666666666
9.25,26.25,0.075,1.4666666666666666
9.25,26.75,0.075,1.4666666666666666
9.25,27.25,0.075,1.4666666666666666
9.25,27.75,0.075,1.4666666666666666
9.25,28.25,0.075,1.4666666666666666
9.25,28.75,0.075,1.4666666666666666
9.25,29.25,0.075,1.4666666666666666
4.6,29.95,0.075,1.3333333333333333
4.6,30.45,0.075,1.3333333333333333
4.6,30.95,0.075,1.3333333333333333
4.6,31.45,0.075,1.3333333333333333
5.1,29.95,0.075,1.3333333333333333
5.1,30.45,0.075,1.3333333333333333
5.1,30.95,0.075,1.3333333333333333
5.1,31.45,0.075,1.3333333333333333
5.6,29.95,0.075,1.3333333333333333
5.6,30.45,0.075,1.3333333333333333
5.6,30.95,0.075,1.3333333333333333
5.6,31.45,0.075,1.3333333333333333
6.1,29.95,0.075,1.3333333333333333
6.1,30.45,0.075,1.3333333333333333
6.1,30.95,0.075,1.3333333333333333
6.1,31.45,0.075,1.3333333333333333
6.6,29.95,0.075,1.3333333333333333
6.6,30.45,0.075,1.3333333333333333
6.6,30.95,0.075,1.3333333333333333
6.6,31.45,0.075,1.3333333333333333
7.1,29.95,0.075,1.3333333333333333
7.1,30.45,0.075,1.3333333333333333
7.1,30.95,0.075,1.3333333333333333
7.1,31.45,0.075,1.3333333333333333
7.6,29.95,0.075,1.3333333333333333
7.6,30.45,0.075,1.3333333333333333
7.6,30.95,0.075,1.3333333333333333
7.6,31.45,0.075,1.3333333333333333
8.1,29.95,0.075,1.3333333333333333
8.1,30.45,0.075,1.3333333333333333
8.1,30.95,0.075,1.3333333333333333
8.1,31.45,0.075,1.3333333333333333
8.6,29.95,0.075,1.3333333333333333
8.6,30.45,0.075,1.3333333333333333
8.6,30.95,0.075,1.3333333333333333
8.6,31.45,0.075,1.3333333333333333
9.1,29.95,0.075,1.3333333333333333
9.1,30.45,0.075,1.3333333333333333
9.1,30.95,0.075,1.3333333333333333
9.1,31.45,0.075,1.3333333333333333
8.0,0.5,0.075,1.6931216931216932
8.0,1.0,0.075,1.6931216931216932
8.0,1.5,0.075,1.6931216931216932
8.0,2.0,0.075,1.6931216931216932
8.0,2.5,0.075,1.6931216931216932
8.0,3.0,0.075,1.6931216931216932
8.0,3.5,0.075,1.6931216931216932
8.5,0.5,0.075,1.6931216931216932
8.5,1.0,0.075,1.6931216931216932
8.5,1.5,0.075,1.6931216931216932
8.5,2.0,0.075,1.6931216931216932
8.5,2.5,0.075,1.6931216931216932
8.5,3.0,0.075,1.6931216931216932
8.5,3.5,0.075,1.6931216931216932
9.0,0.5,0.075,1.6931216931216932
9.0,1.0,0.075,1.6931216931216932
9.0,1.5,0.075,1.6931216931216932
9.0,2.0,0.075,1.6931216931216932
9.0,2.5,0.075,1.6931216931216932
9.0,3.0,0.075,1.6931216931216932
9.0,3.5,0.075,1.6931216931216932
9.5,0.5,0.075,1.6931216931216932
9.5,1.0,0.075,1.6931216931216932
9.5,1.5,0.075,1.6931216931216932
9.5,2.0,0.075,1.6931216931216932
9.5,2.5,0.075,1.6931216931216932
9.5,3.0,0.075,1.6931216931216932
9.5,3.5,0.075,1.6931216931216932
